{
    "calibration": {
        "1L_marineli": {
            "target_mm": 150.0,
            "anchor_mm": 148.0,
            "color": "white",
            "area1": {
                "cx": 1958.0,
                "cy": 1076.0,
                "depth": 0.4410430302207949
            },
            "area2": {
                "cx": 1902.0,
                "cy": 1104.0,
                "depth": 0.49399968878420625
            }
        },
        "1L_cylinder": {
            "target_mm": 110.0,
            "anchor_mm": 110.0,
            "color": "white",
            "area1": {
                "cx": 1970.0,
                "cy": 1100.0,
                "depth": 0.3201480633922554
            },
            "area2": {
                "cx": 1892.0,
                "cy": 1108.0,
                "depth": 0.3780486704679914
            }
        },
        "45mL_charcoal": {
            "target_mm": 62.0,
            "anchor_mm": 62.0,
            "color": "blue",
            "area1": {
                "cx": 1950.0,
                "cy": 1078.0,
                "depth": 0.431923605365084
            },
            "area2": {
                "cx": 1900.0,
                "cy": 1098.0,
                "depth": 0.48590783848044466
            }
        },
        "450mL_Marinelli": {
            "target_mm": 131.0,
            "anchor_mm": 131.0,
            "color": "white",
            "area1": {
                "cx": 1952.0,
                "cy": 1084.0,
                "depth": 0.4538628571005759
            },
            "area2": {
                "cx": 1896.0,
                "cy": 1108.0,
                "depth": 0.5059353621527628
            }
        },
        "20mL_cylinder": {
            "target_mm": 56.0,
            "anchor_mm": 56.0,
            "color": "white",
            "area1": {
                "cx": 1950.0,
                "cy": 1078.0,
                "depth": 0.41996838914448364
            },
            "area2": {
                "cx": 1902.0,
                "cy": 1098.0,
                "depth": 0.47326587253484836
            }
        }
    },
    "beaker": {
        "1L_marineli": {
            "target_mm": 150.0,
            "anchor_mm": 150.0,
            "color": "white",
            "jig_center_offs": 89,
            "jig_height_offs": 143,
            "cell_deep_offs": 71,
            "sensing_offs": 300,
            "grab_offs": 0
        },
        "1L_cylinder": {
            "target_mm": 110.0,
            "anchor_mm": 110.0,
            "color": "white",
            "jig_center_offs": 65,
            "jig_height_offs": 156,
            "cell_deep_offs": 0,
            "sensing_offs": 300,
            "grab_offs": 0
        },
        "45mL_charcoal": {
            "target_mm": 60.0,
            "anchor_mm": 60.0,
            "color": "white",
            "jig_center_offs": 36,
            "jig_height_offs": 38,
            "cell_deep_offs": -3,
            "sensing_offs": 300,
            "grab_offs": 0
        },
        "450mL_Marinelli": {
            "target_mm": 131.0,
            "anchor_mm": 131.0,
            "color": "white",
            "jig_center_offs": 78,
            "jig_height_offs": 106,
            "cell_deep_offs": 50,
            "sensing_offs": 300,
            "grab_offs": 0
        },
        "20mL_cylinder": {
            "target_mm": 56.0,
            "anchor_mm": 56.0,
            "color": "white",
            "jig_center_offs": 33,
            "jig_height_offs": 53,
            "cell_deep_offs": 0,
            "sensing_offs": 300,
            "grab_offs": 0
        }
    }
}